{
    "modelGradientBoostingClassifier": [
        {
            "modelGradientBoostingClassifierTrainAndTest": {
                "accuracy": 0.9688644688644689,
                "precision": 0.968503937007874,
                "recall": 0.9979716024340771,
                "n_estimators": 98,
                "learning_rate": 0.30479187695790977,
                "random_state_val": 0
            },
            "modelGradientBoostingClassifierTrain": {
                "accuracy": 1.0,
                "precision": 1.0,
                "recall": 1.0,
                "n_estimators": 98,
                "learning_rate": 0.30479187695790977,
                "random_state_val": 0
            }
        },
        {
            "modelGradientBoostingClassifierTrainAndTest": {
                "accuracy": 0.967032967032967,
                "precision": 0.9666011787819253,
                "recall": 0.9979716024340771,
                "n_estimators": 52,
                "learning_rate": 0.6691101935180935,
                "random_state_val": 0
            },
            "modelGradientBoostingClassifierTrain": {
                "accuracy": 1.0,
                "precision": 1.0,
                "recall": 1.0,
                "n_estimators": 52,
                "learning_rate": 0.6691101935180935,
                "random_state_val": 0
            }
        },
        {
            "modelGradientBoostingClassifierTrainAndTest": {
                "accuracy": 0.967032967032967,
                "precision": 0.9702970297029703,
                "recall": 0.9939148073022313,
                "n_estimators": 35,
                "learning_rate": 0.9425831385565117,
                "random_state_val": 0
            },
            "modelGradientBoostingClassifierTrain": {
                "accuracy": 1.0,
                "precision": 1.0,
                "recall": 1.0,
                "n_estimators": 35,
                "learning_rate": 0.9425831385565117,
                "random_state_val": 0
            }
        },
        {
            "modelGradientBoostingClassifierTrainAndTest": {
                "accuracy": 0.9505494505494505,
                "precision": 0.97165991902834,
                "recall": 0.973630831643002,
                "n_estimators": 6,
                "learning_rate": 0.7524811157024935,
                "random_state_val": 0
            },
            "modelGradientBoostingClassifierTrain": {
                "accuracy": 0.974822974036192,
                "precision": 0.9904264577893821,
                "recall": 0.9818809318377912,
                "n_estimators": 6,
                "learning_rate": 0.7524811157024935,
                "random_state_val": 0
            }
        },
        {
            "modelGradientBoostingClassifierTrainAndTest": {
                "accuracy": 0.9706959706959707,
                "precision": 0.9722772277227723,
                "recall": 0.9959432048681541,
                "n_estimators": 66,
                "learning_rate": 0.5295614074386907,
                "random_state_val": 0
            },
            "modelGradientBoostingClassifierTrain": {
                "accuracy": 1.0,
                "precision": 1.0,
                "recall": 1.0,
                "n_estimators": 66,
                "learning_rate": 0.5295614074386907,
                "random_state_val": 0
            }
        },
        {
            "modelGradientBoostingClassifierTrainAndTest": {
                "accuracy": 0.9597069597069597,
                "precision": 0.9572815533980582,
                "recall": 1.0,
                "n_estimators": 98,
                "learning_rate": 0.9467794689648814,
                "random_state_val": 0
            },
            "modelGradientBoostingClassifierTrain": {
                "accuracy": 1.0,
                "precision": 1.0,
                "recall": 1.0,
                "n_estimators": 98,
                "learning_rate": 0.9467794689648814,
                "random_state_val": 0
            }
        },
        {
            "modelGradientBoostingClassifierTrainAndTest": {
                "accuracy": 0.967032967032967,
                "precision": 0.9666011787819253,
                "recall": 0.9979716024340771,
                "n_estimators": 43,
                "learning_rate": 0.7049884079016915,
                "random_state_val": 0
            },
            "modelGradientBoostingClassifierTrain": {
                "accuracy": 1.0,
                "precision": 1.0,
                "recall": 1.0,
                "n_estimators": 43,
                "learning_rate": 0.7049884079016915,
                "random_state_val": 0
            }
        },
        {
            "modelGradientBoostingClassifierTrainAndTest": {
                "accuracy": 0.9615384615384616,
                "precision": 0.9591439688715954,
                "recall": 1.0,
                "n_estimators": 94,
                "learning_rate": 0.7259547165530253,
                "random_state_val": 0
            },
            "modelGradientBoostingClassifierTrain": {
                "accuracy": 1.0,
                "precision": 1.0,
                "recall": 1.0,
                "n_estimators": 94,
                "learning_rate": 0.7259547165530253,
                "random_state_val": 0
            }
        },
        {
            "modelGradientBoostingClassifierTrainAndTest": {
                "accuracy": 0.9688644688644689,
                "precision": 0.968503937007874,
                "recall": 0.9979716024340771,
                "n_estimators": 31,
                "learning_rate": 0.42074588602385044,
                "random_state_val": 0
            },
            "modelGradientBoostingClassifierTrain": {
                "accuracy": 0.999213217938631,
                "precision": 0.9991379310344828,
                "recall": 1.0,
                "n_estimators": 31,
                "learning_rate": 0.42074588602385044,
                "random_state_val": 0
            }
        }
    ]
}