{
  "GradientBoostingClassifier": {
    "accuracy": 0.9945054945054945,
    "precision": 0.9940828402366864,
    "recall": 1.0,
    "n_estimators": 93,
    "learning_rate": 0.07900590739680002,
    "random_state_val": 0,
    "size": "0.1",
    "algoName": "GradientBoostingClassifier"
  },
  "KNeighborsClassifier": {
    "accuracy": 0.9532967032967034,
    "precision": 0.9511494252873564,
    "recall": 1.0,
    "n_neighbors": 1,
    "size": "0.2",
    "algoName": "KNeighborsClassifier"
  },
  "LinearSVC": {
    "accuracy": 0.7774725274725275,
    "precision": 0.9920318725099602,
    "recall": 0.7591463414634146,
    "C": 0.5410996905,
    "epsilon": 0.001,
    "random_state_val": 0,
    "size": "0.2",
    "algoName": "LinearSVC"
  },
  "DecisionTreeClassifier": {
    "accuracy": 0.945054945054945,
    "precision": 0.9441340782122905,
    "recall": 1.0,
    "max_depth": 50,
    "random_state_val": 0,
    "size": "0.1",
    "algoName": "DecisionTreeClassifier"
  },
  "LogisticRegression": {
    "accuracy": 0.967032967032967,
    "precision": 0.9651162790697675,
    "recall": 1.0,
    "C": 0.7462138628,
    "epsilon": 0.001,
    "random_state_val": 1,
    "size": "0.1",
    "algoName": "LogisticRegression"
  }
}
